,Team,Off_Rating,Def_Rating,Year,NBA Champion,Normalized_Off_Rating,Normalized_Def_Rating
0,Atlanta Hawks,106.4,100.3,1996,False,0.5488721804511282,0.9051724137931039
1,Boston Celtics,102.9,110.1,1996,False,0.2857142857142863,0.060344827586207184
2,Charlotte Hornets,109.1,107.1,1996,False,0.7518796992481197,0.31896551724137967
3,Chicago Bulls,112.4,100.7,1996,True,1.0,0.8706896551724137
4,Cleveland Cavaliers,102.7,100.8,1996,False,0.27067669172932374,0.8620689655172418
5,Dallas Mavericks,99.5,106.0,1996,False,0.030075187969925213,0.4137931034482758
6,Denver Nuggets,103.1,109.7,1996,False,0.3007518796992479,0.09482758620689613
7,Detroit Pistons,108.5,102.6,1996,False,0.7067669172932329,0.7068965517241386
8,Golden State Warriors,105.3,110.3,1996,False,0.4661654135338344,0.0431034482758621
9,Houston Rockets,107.5,102.8,1996,False,0.6315789473684209,0.6896551724137934
10,Indiana Pacers,104.2,102.9,1996,False,0.38345864661654167,0.6810344827586203
11,Los Angeles Clippers,103.5,106.2,1996,False,0.3308270676691731,0.3965517241379307
12,Los Angeles Lakers,106.4,102.3,1996,False,0.5488721804511282,0.7327586206896555
13,Miami Heat,105.2,99.2,1996,False,0.45864661654135364,1.0
14,Milwaukee Bucks,104.7,106.7,1996,False,0.4210526315789476,0.3534482758620686
15,Minnesota Timberwolves,103.9,105.5,1996,False,0.3609022556390983,0.4568965517241379
16,New Jersey Nets,102.4,107.2,1996,False,0.24812030075188035,0.3103448275862065
17,New York Knicks,102.9,99.5,1996,False,0.2857142857142863,0.974137931034483
18,Orlando Magic,103.8,104.2,1996,False,0.35338345864661647,0.5689655172413791
19,Philadelphia 76ers,102.6,109.5,1996,False,0.26315789473684187,0.11206896551724121
20,Phoenix Suns,108.0,107.1,1996,False,0.669172932330827,0.31896551724137967
21,Portland Trail Blazers,106.3,102.1,1996,False,0.5413533834586464,0.7500000000000007
22,Sacramento Kings,102.7,107.0,1996,False,0.27067669172932374,0.3275862068965516
23,San Antonio Spurs,102.1,110.8,1996,False,0.2255639097744359,0.0
24,Seattle SuperSonics,109.6,101.0,1996,False,0.7894736842105257,0.8448275862068967
25,Toronto Raptors,102.9,106.4,1996,False,0.2857142857142863,0.37931034482758563
26,Utah Jazz,112.4,102.6,1996,False,1.0,0.7068965517241386
27,Vancouver Grizzlies,99.1,110.1,1996,False,0.0,0.060344827586207184
28,Washington Bullets,105.2,103.7,1996,False,0.45864661654135364,0.6120689655172412
29,Atlanta Hawks,106.4,100.3,1997,False,0.5488721804511282,0.9051724137931039
30,Boston Celtics,102.9,110.1,1997,False,0.2857142857142863,0.060344827586207184
31,Charlotte Hornets,109.1,107.1,1997,False,0.7518796992481197,0.31896551724137967
32,Chicago Bulls,112.4,100.7,1997,True,1.0,0.8706896551724137
33,Cleveland Cavaliers,102.7,100.8,1997,False,0.27067669172932374,0.8620689655172418
34,Dallas Mavericks,99.5,106.0,1997,False,0.030075187969925213,0.4137931034482758
35,Denver Nuggets,103.1,109.7,1997,False,0.3007518796992479,0.09482758620689613
36,Detroit Pistons,108.5,102.6,1997,False,0.7067669172932329,0.7068965517241386
37,Golden State Warriors,105.3,110.3,1997,False,0.4661654135338344,0.0431034482758621
38,Houston Rockets,107.5,102.8,1997,False,0.6315789473684209,0.6896551724137934
39,Indiana Pacers,104.2,102.9,1997,False,0.38345864661654167,0.6810344827586203
40,Los Angeles Clippers,103.5,106.2,1997,False,0.3308270676691731,0.3965517241379307
41,Los Angeles Lakers,106.4,102.3,1997,False,0.5488721804511282,0.7327586206896555
42,Miami Heat,105.2,99.2,1997,False,0.45864661654135364,1.0
43,Milwaukee Bucks,104.7,106.7,1997,False,0.4210526315789476,0.3534482758620686
44,Minnesota Timberwolves,103.9,105.5,1997,False,0.3609022556390983,0.4568965517241379
45,New Jersey Nets,102.4,107.2,1997,False,0.24812030075188035,0.3103448275862065
46,New York Knicks,102.9,99.5,1997,False,0.2857142857142863,0.974137931034483
47,Orlando Magic,103.8,104.2,1997,False,0.35338345864661647,0.5689655172413791
48,Philadelphia 76ers,102.6,109.5,1997,False,0.26315789473684187,0.11206896551724121
49,Phoenix Suns,108.0,107.1,1997,False,0.669172932330827,0.31896551724137967
50,Portland Trail Blazers,106.3,102.1,1997,False,0.5413533834586464,0.7500000000000007
51,Sacramento Kings,102.7,107.0,1997,False,0.27067669172932374,0.3275862068965516
52,San Antonio Spurs,102.1,110.8,1997,False,0.2255639097744359,0.0
53,Seattle SuperSonics,109.6,101.0,1997,False,0.7894736842105257,0.8448275862068967
54,Toronto Raptors,102.9,106.4,1997,False,0.2857142857142863,0.37931034482758563
55,Utah Jazz,112.4,102.6,1997,False,1.0,0.7068965517241386
56,Vancouver Grizzlies,99.1,110.1,1997,False,0.0,0.060344827586207184
57,Washington Bullets,105.2,103.7,1997,False,0.45864661654135364,0.6120689655172412
58,Atlanta Hawks,106.5,102.5,1998,False,0.741176470588235,0.6183206106870227
59,Boston Celtics,100.8,103.5,1998,False,0.405882352941176,0.5419847328244273
60,Charlotte Hornets,105.5,103.3,1998,False,0.6823529411764703,0.5572519083969466
61,Chicago Bulls,106.2,98.4,1998,True,0.7235294117647058,0.9312977099236637
62,Cleveland Cavaliers,100.3,97.5,1998,False,0.3764705882352936,1.0
63,Dallas Mavericks,98.9,105.2,1998,False,0.29411764705882354,0.41221374045801484
64,Denver Nuggets,97.4,110.6,1998,False,0.20588235294117646,0.0
65,Detroit Pistons,103.4,101.8,1998,False,0.5588235294117647,0.6717557251908397
66,Golden State Warriors,93.9,103.5,1998,False,0.0,0.5419847328244273
67,Houston Rockets,105.9,106.8,1998,False,0.7058823529411765,0.2900763358778625
68,Indiana Pacers,106.3,99.5,1998,False,0.7294117647058819,0.8473282442748091
69,Los Angeles Clippers,101.8,109.6,1998,False,0.4647058823529407,0.07633587786259544
70,Los Angeles Lakers,110.4,102.3,1998,False,0.9705882352941176,0.633587786259542
71,Miami Heat,105.7,100.5,1998,False,0.6941176470588234,0.7709923664122136
72,Milwaukee Bucks,101.5,103.7,1998,False,0.44705882352941145,0.526717557251908
73,Minnesota Timberwolves,106.4,105.5,1998,False,0.7352941176470589,0.3893129770992364
74,New Jersey Nets,105.8,104.3,1998,False,0.6999999999999995,0.48091603053435117
75,New York Knicks,101.5,98.8,1998,False,0.44705882352941145,0.9007633587786261
76,Orlando Magic,101.0,102.2,1998,False,0.4176470588235291,0.6412213740458012
77,Philadelphia 76ers,101.1,103.3,1998,False,0.4235294117647052,0.5572519083969466
78,Phoenix Suns,106.3,100.6,1998,False,0.7294117647058819,0.7633587786259546
79,Portland Trail Blazers,102.4,100.8,1998,False,0.5,0.7480916030534353
80,Sacramento Kings,99.1,105.0,1998,False,0.30588235294117583,0.42748091603053406
81,San Antonio Spurs,102.4,98.0,1998,False,0.5,0.9618320610687022
82,Seattle SuperSonics,110.1,102.3,1998,False,0.9529411764705875,0.633587786259542
83,Toronto Raptors,99.4,108.9,1998,False,0.3235294117647059,0.12977099236641143
84,Utah Jazz,110.9,103.8,1998,False,1.0,0.5190839694656488
85,Vancouver Grizzlies,102.4,110.2,1998,False,0.5,0.030534351145037553
86,Washington Wizards,103.9,103.2,1998,False,0.5882352941176471,0.5648854961832057
87,Atlanta Hawks,98.4,95.3,1999,False,0.460526315789474,0.8866666666666665
88,Boston Celtics,98.7,100.8,1999,False,0.480263157894737,0.5199999999999998
89,Charlotte Hornets,100.4,100.4,1999,False,0.5921052631578951,0.546666666666666
90,Chicago Bulls,91.4,101.7,1999,False,0.0,0.4599999999999994
91,Cleveland Cavaliers,98.2,100.1,1999,False,0.44736842105263175,0.5666666666666667
92,Dallas Mavericks,100.2,103.0,1999,False,0.5789473684210529,0.37333333333333296
93,Denver Nuggets,101.4,108.6,1999,False,0.6578947368421058,0.0
94,Detroit Pistons,102.4,98.4,1999,False,0.7236842105263164,0.6799999999999993
95,Golden State Warriors,96.0,98.9,1999,False,0.30263157894736825,0.6466666666666658
96,Houston Rockets,103.5,101.0,1999,False,0.7960526315789476,0.5066666666666663
97,Indiana Pacers,106.6,102.2,1999,False,1.0,0.4266666666666661
98,Los Angeles Clippers,98.3,107.8,1999,False,0.45394736842105243,0.05333333333333312
99,Los Angeles Lakers,106.1,102.8,1999,False,0.9671052631578947,0.3866666666666665
100,Miami Heat,102.9,97.1,1999,False,0.7565789473684216,0.7666666666666666
101,Milwaukee Bucks,102.9,101.2,1999,False,0.7565789473684216,0.49333333333333274
102,Minnesota Timberwolves,99.9,99.4,1999,False,0.5592105263157899,0.6133333333333326
103,New Jersey Nets,97.0,101.2,1999,False,0.36842105263157887,0.49333333333333274
104,New York Knicks,97.2,95.9,1999,False,0.38157894736842113,0.8466666666666659
105,Orlando Magic,98.9,96.3,1999,False,0.4934210526315793,0.8199999999999998
106,Philadelphia 76ers,97.8,95.5,1999,False,0.4210526315789471,0.873333333333333
107,Phoenix Suns,103.9,101.6,1999,False,0.8223684210526322,0.4666666666666667
108,Portland Trail Blazers,102.8,96.2,1999,False,0.75,0.8266666666666661
109,Sacramento Kings,101.2,101.6,1999,False,0.6447368421052635,0.4666666666666667
110,San Antonio Spurs,102.7,93.6,1999,True,0.7434210526315793,1.0
111,Seattle SuperSonics,103.2,104.2,1999,False,0.7763157894736846,0.2933333333333328
112,Toronto Raptors,99.8,101.8,1999,False,0.5526315789473683,0.45333333333333314
113,Utah Jazz,104.2,96.7,1999,False,0.8421052631578951,0.7933333333333328
114,Vancouver Grizzlies,97.1,106.3,1999,False,0.37499999999999956,0.1533333333333331
115,Washington Wizards,99.8,102.1,1999,False,0.5526315789473683,0.43333333333333335
116,Atlanta Hawks,100.1,105.8,2000,False,0.5214285714285712,0.18965517241379348
117,Boston Celtics,102.9,103.9,2000,False,0.7214285714285721,0.3534482758620686
118,Charlotte Hornets,102.5,99.7,2000,False,0.6928571428571431,0.7155172413793105
119,Chicago Bulls,92.8,102.8,2000,False,0.0,0.44827586206896597
120,Cleveland Cavaliers,98.7,102.2,2000,False,0.4214285714285718,0.5
121,Dallas Mavericks,104.7,105.2,2000,False,0.8500000000000004,0.2413793103448275
122,Denver Nuggets,102.2,104.5,2000,False,0.6714285714285718,0.3017241379310346
123,Detroit Pistons,105.2,103.8,2000,False,0.8857142857142861,0.36206896551724177
124,Golden State Warriors,98.0,106.5,2000,False,0.3714285714285716,0.1293103448275863
125,Houston Rockets,103.3,104.2,2000,False,0.75,0.3275862068965516
126,Indiana Pacers,106.8,101.7,2000,False,1.0,0.5431034482758621
127,Los Angeles Clippers,96.1,108.0,2000,False,0.23571428571428552,0.0
128,Los Angeles Lakers,105.4,96.4,2000,True,0.9000000000000006,1.0
129,Miami Heat,102.5,99.4,2000,False,0.6928571428571431,0.7413793103448274
130,Milwaukee Bucks,106.5,106.2,2000,False,0.9785714285714288,0.15517241379310331
131,Minnesota Timberwolves,104.2,101.7,2000,False,0.8142857142857147,0.5431034482758621
132,New Jersey Nets,102.8,103.9,2000,False,0.7142857142857143,0.3534482758620686
133,New York Knicks,100.9,99.5,2000,False,0.5785714285714292,0.7327586206896555
134,Orlando Magic,101.1,100.3,2000,False,0.5928571428571426,0.6637931034482765
135,Philadelphia 76ers,99.9,98.3,2000,False,0.5071428571428578,0.8362068965517248
136,Phoenix Suns,102.7,97.3,2000,False,0.7071428571428575,0.922413793103449
137,Portland Trail Blazers,106.5,99.5,2000,False,0.9785714285714288,0.7327586206896555
138,Sacramento Kings,103.6,100.7,2000,False,0.7714285714285712,0.6293103448275863
139,San Antonio Spurs,103.5,97.1,2000,False,0.7642857142857145,0.939655172413794
140,Seattle SuperSonics,104.0,103.1,2000,False,0.8000000000000002,0.42241379310344895
141,Toronto Raptors,102.7,102.8,2000,False,0.7071428571428575,0.44827586206896597
142,Utah Jazz,105.7,101.1,2000,False,0.9214285714285718,0.5948275862068974
143,Vancouver Grizzlies,100.7,106.7,2000,False,0.5642857142857147,0.11206896551724121
144,Washington Wizards,101.8,105.2,2000,False,0.6428571428571429,0.2413793103448275
145,Atlanta Hawks,96.9,102.4,2001,False,0.09009009009009014,0.3958333333333327
146,Boston Celtics,100.1,102.3,2001,False,0.37837837837837757,0.4062500000000002
147,Charlotte Hornets,99.7,97.6,2001,False,0.3423423423423423,0.8958333333333335
148,Chicago Bulls,95.9,105.9,2001,False,0.0,0.031249999999999667
149,Cleveland Cavaliers,99.3,103.5,2001,False,0.3063063063063057,0.28125
150,Dallas Mavericks,105.6,101.2,2001,False,0.8738738738738733,0.5208333333333328
151,Denver Nuggets,102.2,104.9,2001,False,0.5675675675675677,0.1354166666666663
152,Detroit Pistons,98.5,100.3,2001,False,0.23423423423423384,0.6145833333333334
153,Golden State Warriors,96.3,105.5,2001,False,0.036036036036035286,0.07291666666666685
154,Houston Rockets,105.2,102.8,2001,False,0.837837837837838,0.35416666666666696
155,Indiana Pacers,100.3,100.5,2001,False,0.39639639639639584,0.5937499999999998
156,Los Angeles Clippers,100.3,103.2,2001,False,0.39639639639639584,0.3124999999999998
157,Los Angeles Lakers,107.0,103.6,2001,True,1.0,0.2708333333333339
158,Miami Heat,99.4,97.1,2001,False,0.3153153153153155,0.9479166666666667
159,Milwaukee Bucks,106.8,102.6,2001,False,0.9819819819819817,0.37500000000000056
160,Minnesota Timberwolves,103.9,102.4,2001,False,0.7207207207207211,0.3958333333333327
161,New Jersey Nets,98.4,103.8,2001,False,0.22522522522522534,0.25000000000000033
162,New York Knicks,100.0,97.0,2001,False,0.36936936936936904,0.9583333333333328
163,Orlando Magic,102.1,101.1,2001,False,0.5585585585585578,0.5312500000000004
164,Philadelphia 76ers,101.9,97.3,2001,False,0.5405405405405408,0.9270833333333331
165,Phoenix Suns,98.9,96.7,2001,False,0.2702702702702704,0.9895833333333325
166,Portland Trail Blazers,104.7,100.5,2001,False,0.7927927927927929,0.5937499999999998
167,Sacramento Kings,104.2,98.5,2001,False,0.7477477477477479,0.8020833333333329
168,San Antonio Spurs,105.0,96.6,2001,False,0.8198198198198198,1.0
169,Seattle SuperSonics,104.4,104.2,2001,False,0.7657657657657662,0.20833333333333315
170,Toronto Raptors,104.4,102.0,2001,False,0.7657657657657662,0.4374999999999999
171,Utah Jazz,106.1,100.9,2001,False,0.9189189189189184,0.5520833333333326
172,Vancouver Grizzlies,98.2,104.2,2001,False,0.20720720720720706,0.20833333333333315
173,Washington Wizards,99.4,106.2,2001,False,0.3153153153153155,0.0
174,Atlanta Hawks,100.4,104.8,2002,False,0.2773722627737234,0.2555555555555552
175,Boston Celtics,102.1,99.9,2002,False,0.40145985401459844,0.7999999999999987
176,Charlotte Hornets,102.9,101.8,2002,False,0.45985401459854086,0.5888888888888886
177,Chicago Bulls,97.2,106.2,2002,False,0.04379562043795682,0.09999999999999909
178,Cleveland Cavaliers,103.4,107.0,2002,False,0.4963503649635044,0.011111111111110517
179,Dallas Mavericks,110.3,106.0,2002,False,1.0,0.12222222222222157
180,Denver Nuggets,100.3,106.6,2002,False,0.2700729927007301,0.05555555555555558
181,Detroit Pistons,103.2,100.9,2002,False,0.48175182481751877,0.6888888888888876
182,Golden State Warriors,101.5,107.1,2002,False,0.3576642335766427,0.0
183,Houston Rockets,101.6,106.9,2002,False,0.364963503649635,0.022222222222220922
184,Indiana Pacers,102.8,102.4,2002,False,0.45255474452554756,0.522222222222221
185,Los Angeles Clippers,104.3,104.7,2002,False,0.562043795620438,0.2666666666666657
186,Los Angeles Lakers,108.0,100.4,2002,True,0.8321167883211681,0.7444444444444431
187,Memphis Grizzlies,96.6,104.7,2002,False,0.0,0.2666666666666657
188,Miami Heat,97.3,99.0,2002,False,0.0510948905109491,0.8999999999999994
189,Milwaukee Bucks,105.3,105.6,2002,False,0.6350364963503651,0.16666666666666663
190,Minnesota Timberwolves,107.5,104.1,2002,False,0.7956204379562046,0.33333333333333337
191,New Jersey Nets,102.4,98.1,2002,False,0.4233576642335774,1.0
192,New York Knicks,100.4,104.6,2002,False,0.2773722627737234,0.2777777777777778
193,Orlando Magic,105.6,104.1,2002,False,0.6569343065693429,0.33333333333333337
194,Philadelphia 76ers,100.5,98.7,2002,False,0.2846715328467157,0.9333333333333323
195,Phoenix Suns,101.8,102.6,2002,False,0.3795620437956206,0.5
196,Portland Trail Blazers,105.9,102.6,2002,False,0.6788321167883219,0.5
197,Sacramento Kings,107.9,99.7,2002,False,0.8248175182481758,0.8222222222222213
198,San Antonio Spurs,105.4,98.5,2002,False,0.6423357664233583,0.9555555555555549
199,Seattle SuperSonics,107.3,104.1,2002,False,0.781021897810219,0.33333333333333337
200,Toronto Raptors,101.1,101.7,2002,False,0.32846715328467146,0.599999999999999
201,Utah Jazz,103.8,102.9,2002,False,0.5255474452554746,0.46666666666666545
202,Washington Wizards,102.9,104.5,2002,False,0.45985401459854086,0.2888888888888883
203,Atlanta Hawks,100.4,104.2,2003,False,0.5082872928176799,0.3153153153153151
204,Boston Celtics,100.0,100.5,2003,False,0.4861878453038674,0.6486486486486485
205,Chicago Bulls,99.1,104.2,2003,False,0.4364640883977897,0.3153153153153151
206,Cleveland Cavaliers,95.2,105.1,2003,False,0.22099447513812162,0.23423423423423484
207,Dallas Mavericks,109.3,101.0,2003,False,1.0,0.6036036036036034
208,Denver Nuggets,91.2,100.1,2003,False,0.0,0.6846846846846849
209,Detroit Pistons,102.4,98.2,2003,False,0.6187845303867406,0.8558558558558552
210,Golden State Warriors,106.4,107.7,2003,False,0.8397790055248623,0.0
211,Houston Rockets,102.4,100.9,2003,False,0.6187845303867406,0.6126126126126119
212,Indiana Pacers,103.2,99.6,2003,False,0.6629834254143648,0.7297297297297299
213,Los Angeles Clippers,101.1,105.1,2003,False,0.5469613259668505,0.23423423423423484
214,Los Angeles Lakers,105.6,103.4,2003,False,0.7955801104972373,0.3873873873873869
215,Memphis Grizzlies,102.3,105.9,2003,False,0.6132596685082872,0.16216216216216173
216,Miami Heat,95.4,101.2,2003,False,0.23204419889502786,0.5855855855855852
217,Milwaukee Bucks,107.2,106.9,2003,False,0.8839779005524865,0.07207207207207178
218,Minnesota Timberwolves,104.8,102.5,2003,False,0.7513812154696132,0.46846846846846835
219,New Jersey Nets,102.1,96.6,2003,False,0.6022099447513809,1.0
220,New Orleans Hornets,102.4,100.0,2003,False,0.6187845303867406,0.6936936936936935
221,New York Knicks,103.3,104.6,2003,False,0.6685082872928175,0.27927927927927987
222,Orlando Magic,103.7,103.7,2003,False,0.6906077348066301,0.3603603603603601
223,Philadelphia 76ers,103.2,100.6,2003,False,0.6629834254143648,0.63963963963964
224,Phoenix Suns,102.6,101.3,2003,False,0.6298342541436461,0.5765765765765767
225,Portland Trail Blazers,104.2,101.5,2003,False,0.7182320441988953,0.5585585585585584
226,Sacramento Kings,104.4,97.8,2003,False,0.7292817679558015,0.8918918918918917
227,San Antonio Spurs,103.9,98.1,2003,True,0.7016574585635363,0.8648648648648649
228,Seattle SuperSonics,102.4,102.6,2003,False,0.6187845303867406,0.4594594594594599
229,Toronto Raptors,99.3,105.6,2003,False,0.44751381215469593,0.1891891891891898
230,Utah Jazz,103.7,101.1,2003,False,0.6906077348066301,0.594594594594595
231,Washington Wizards,101.5,102.6,2003,False,0.569060773480663,0.4594594594594599
232,Atlanta Hawks,99.1,103.9,2004,False,0.2516556291390725,0.31210191082802485
233,Boston Celtics,100.7,102.2,2004,False,0.35761589403973526,0.4203821656050951
234,Chicago Bulls,95.6,102.1,2004,False,0.019867549668873972,0.426751592356688
235,Cleveland Cavaliers,100.6,103.1,2004,False,0.35099337748344334,0.3630573248407645
236,Dallas Mavericks,110.4,105.9,2004,False,1.0,0.18471337579617775
237,Denver Nuggets,102.4,101.4,2004,False,0.47019867549668903,0.47133757961783374
238,Detroit Pistons,100.3,93.9,2004,True,0.33112582781456934,0.9490445859872604
239,Golden State Warriors,101.5,102.6,2004,False,0.41059602649006616,0.39490445859872625
240,Houston Rockets,99.7,97.8,2004,False,0.2913907284768214,0.7006369426751591
241,Indiana Pacers,102.5,96.2,2004,False,0.47682119205298007,0.8025477707006364
242,Los Angeles Clippers,101.9,106.6,2004,False,0.43708609271523213,0.14012738853503204
243,Los Angeles Lakers,104.2,100.1,2004,False,0.5894039735099338,0.5541401273885351
244,Memphis Grizzlies,103.4,100.8,2004,False,0.536423841059603,0.5095541401273884
245,Miami Heat,100.6,100.3,2004,False,0.35099337748344334,0.5414012738853502
246,Milwaukee Bucks,104.6,103.5,2004,False,0.6158940397350988,0.3375796178343946
247,Minnesota Timberwolves,104.2,98.5,2004,False,0.5894039735099338,0.6560509554140124
248,New Jersey Nets,99.0,96.4,2004,False,0.24503311258278151,0.7898089171974516
249,New Orleans Hornets,100.7,100.6,2004,False,0.35761589403973526,0.5222929936305734
250,New York Knicks,99.7,101.3,2004,False,0.2913907284768214,0.47770700636942665
251,Orlando Magic,101.4,108.8,2004,False,0.4039735099337752,0.0
252,Philadelphia 76ers,97.8,100.4,2004,False,0.16556291390728467,0.5350318471337574
253,Phoenix Suns,100.3,104.2,2004,False,0.33112582781456934,0.292993630573248
254,Portland Trail Blazers,102.1,103.5,2004,False,0.45033112582781415,0.3375796178343946
255,Sacramento Kings,108.6,103.2,2004,False,0.8807947019867542,0.35668789808917156
256,San Antonio Spurs,101.0,93.1,2004,False,0.37748344370860926,1.0
257,Seattle SuperSonics,105.6,106.4,2004,False,0.6821192052980126,0.15286624203821597
258,Toronto Raptors,95.3,98.8,2004,False,0.0,0.6369426751592355
259,Utah Jazz,100.0,101.3,2004,False,0.3112582781456954,0.47770700636942665
260,Washington Wizards,97.2,102.9,2004,False,0.12582781456953673,0.3757961783439484
261,Atlanta Hawks,98.8,109.0,2005,False,0.0413793103448272,0.050847457627118176
262,Boston Celtics,105.9,105.1,2005,False,0.5310344827586209,0.3813559322033899
263,Charlotte Bobcats,99.8,106.0,2005,False,0.1103448275862065,0.3050847457627115
264,Chicago Bulls,100.5,99.1,2005,False,0.15862068965517223,0.8898305084745765
265,Cleveland Cavaliers,105.3,104.7,2005,False,0.4896551724137927,0.41525423728813493
266,Dallas Mavericks,108.5,102.6,2005,False,0.7103448275862067,0.593220338983051
267,Denver Nuggets,104.7,102.6,2005,False,0.4482758620689655,0.593220338983051
268,Detroit Pistons,103.9,99.6,2005,False,0.39310344827586224,0.8474576271186443
269,Golden State Warriors,103.4,105.5,2005,False,0.35862068965517263,0.3474576271186437
270,Houston Rockets,104.4,100.1,2005,False,0.4275862068965519,0.805084745762712
271,Indiana Pacers,103.7,102.7,2005,False,0.3793103448275862,0.5847457627118638
272,Los Angeles Clippers,103.8,104.5,2005,False,0.38620689655172374,0.4322033898305081
273,Los Angeles Lakers,106.4,109.6,2005,False,0.5655172413793106,0.0
274,Memphis Grizzlies,104.2,101.5,2005,False,0.41379310344827586,0.6864406779661014
275,Miami Heat,108.9,102.2,2005,False,0.7379310344827588,0.627118644067796
276,Milwaukee Bucks,105.1,108.1,2005,False,0.47586206896551664,0.1271186440677966
277,Minnesota Timberwolves,106.6,105.0,2005,False,0.5793103448275856,0.3898305084745759
278,New Jersey Nets,99.9,101.6,2005,False,0.11724137931034502,0.6779661016949154
279,New Orleans Hornets,98.2,105.9,2005,False,0.0,0.31355932203389747
280,New York Knicks,104.5,107.2,2005,False,0.43448275862068947,0.20338983050847392
281,Orlando Magic,103.4,105.7,2005,False,0.35862068965517263,0.33050847457627053
282,Philadelphia 76ers,101.8,102.5,2005,False,0.24827586206896513,0.601694915254237
283,Phoenix Suns,112.7,105.7,2005,False,1.0,0.33050847457627053
284,Portland Trail Blazers,101.9,106.1,2005,False,0.2551724137931036,0.2966101694915255
285,Sacramento Kings,108.8,106.5,2005,False,0.7310344827586203,0.2627118644067793
286,San Antonio Spurs,106.1,97.8,2005,True,0.544827586206896,1.0
287,Seattle SuperSonics,110.3,108.0,2005,False,0.8344827586206892,0.13559322033898258
288,Toronto Raptors,105.4,107.2,2005,False,0.49655172413793125,0.20338983050847392
289,Utah Jazz,102.9,107.3,2005,False,0.32413793103448296,0.19491525423728795
290,Washington Wizards,105.4,105.9,2005,False,0.49655172413793125,0.31355932203389747
291,Atlanta Hawks,104.8,110.1,2006,False,0.48571428571428515,0.18571428571428628
292,Boston Celtics,104.0,105.6,2006,False,0.40952380952380923,0.5071428571428578
293,Charlotte Bobcats,101.2,105.6,2006,False,0.14285714285714285,0.5071428571428578
294,Chicago Bulls,103.3,102.7,2006,False,0.3428571428571423,0.7142857142857143
295,Cleveland Cavaliers,106.6,104.4,2006,False,0.6571428571428564,0.5928571428571426
296,Dallas Mavericks,109.9,103.2,2006,False,0.9714285714285718,0.6785714285714286
297,Denver Nuggets,104.4,104.1,2006,False,0.4476190476190479,0.6142857142857149
298,Detroit Pistons,109.3,101.7,2006,False,0.9142857142857137,0.7857142857142857
299,Golden State Warriors,103.5,104.9,2006,False,0.3619047619047616,0.5571428571428569
300,Houston Rockets,100.4,102.1,2006,False,0.06666666666666694,0.7571428571428578
301,Indiana Pacers,103.1,101.0,2006,False,0.323809523809523,0.8357142857142859
302,Los Angeles Clippers,103.8,102.2,2006,False,0.3904761904761899,0.75
303,Los Angeles Lakers,106.8,104.2,2006,False,0.6761904761904757,0.6071428571428572
304,Memphis Grizzlies,104.5,100.4,2006,False,0.45714285714285685,0.8785714285714283
305,Miami Heat,107.5,103.4,2006,True,0.7428571428571425,0.6642857142857141
306,Milwaukee Bucks,104.9,105.9,2006,False,0.49523809523809553,0.48571428571428554
307,Minnesota Timberwolves,101.5,103.5,2006,False,0.17142857142857115,0.6571428571428574
308,New Jersey Nets,102.4,100.9,2006,False,0.2571428571428574,0.8428571428571426
309,New Orleans/Oklahoma City Hornets,102.3,105.1,2006,False,0.24761904761904707,0.5428571428571435
310,New York Knicks,102.7,109.3,2006,False,0.2857142857142857,0.24285714285714322
311,Orlando Magic,105.3,106.6,2006,False,0.5333333333333328,0.4357142857142863
312,Philadelphia 76ers,104.7,106.5,2006,False,0.47619047619047616,0.44285714285714306
313,Phoenix Suns,110.2,104.7,2006,False,1.0,0.5714285714285714
314,Portland Trail Blazers,99.7,110.3,2006,False,0.0,0.17142857142857182
315,Sacramento Kings,105.3,103.5,2006,False,0.5333333333333328,0.6571428571428574
316,San Antonio Spurs,106.2,98.7,2006,False,0.6190476190476191,1.0
317,Seattle SuperSonics,109.4,112.7,2006,False,0.9238095238095241,0.0
318,Toronto Raptors,107.9,111.2,2006,False,0.7809523809523812,0.1071428571428571
319,Utah Jazz,102.4,105.1,2006,False,0.2571428571428574,0.5428571428571435
320,Washington Wizards,107.7,105.8,2006,False,0.7619047619047619,0.4928571428571432
321,Atlanta Hawks,102.0,107.0,2007,False,0.009090909090908574,0.3223140495867771
322,Boston Celtics,102.3,105.8,2007,False,0.03636363636363559,0.4214876033057855
323,Charlotte Bobcats,102.4,106.3,2007,False,0.045454545454545456,0.38016528925619875
324,Chicago Bulls,104.0,98.8,2007,False,0.1909090909090904,1.0
325,Cleveland Cavaliers,104.4,100.6,2007,False,0.22727272727272727,0.8512396694214879
326,Dallas Mavericks,109.7,102.1,2007,False,0.7090909090909089,0.7272727272727277
327,Denver Nuggets,106.7,105.1,2007,False,0.4363636363636361,0.47933884297520724
328,Detroit Pistons,107.4,102.6,2007,False,0.5,0.6859504132231409
329,Golden State Warriors,106.2,106.5,2007,False,0.39090909090909065,0.36363636363636387
330,Houston Rockets,104.7,99.7,2007,False,0.2545454545454543,0.9256198347107434
331,Indiana Pacers,101.9,104.4,2007,False,0.0,0.5371900826446276
332,Los Angeles Clippers,103.8,104.2,2007,False,0.17272727272727195,0.5537190082644626
333,Los Angeles Lakers,107.3,107.5,2007,False,0.49090909090909013,0.28099173553719037
334,Memphis Grizzlies,105.7,110.9,2007,False,0.3454545454545452,0.0
335,Miami Heat,103.4,104.6,2007,False,0.13636363636363635,0.520661157024794
336,Milwaukee Bucks,106.0,110.3,2007,False,0.3727272727272722,0.049586776859504855
337,Minnesota Timberwolves,102.4,106.5,2007,False,0.045454545454545456,0.36363636363636387
338,New Jersey Nets,104.2,105.1,2007,False,0.20909090909090883,0.47933884297520724
339,New Orleans/Oklahoma City Hornets,103.7,105.4,2007,False,0.16363636363636339,0.45454545454545425
340,New York Knicks,104.3,107.4,2007,False,0.2181818181818174,0.28925619834710725
341,Orlando Magic,104.1,103.3,2007,False,0.19999999999999896,0.6280991735537192
342,Philadelphia 76ers,102.4,105.6,2007,False,0.045454545454545456,0.4380165289256205
343,Phoenix Suns,112.9,105.5,2007,False,1.0,0.44628099173553737
344,Portland Trail Blazers,103.8,108.6,2007,False,0.17272727272727195,0.19008264462809998
345,Sacramento Kings,105.1,106.7,2007,False,0.2909090909090899,0.3471074380165289
346,San Antonio Spurs,108.6,99.4,2007,True,0.609090909090908,0.9504132231404951
347,Seattle SuperSonics,105.9,108.9,2007,False,0.36363636363636365,0.165289256198347
348,Toronto Raptors,105.7,104.4,2007,False,0.3454545454545452,0.5371900826446276
349,Utah Jazz,108.6,105.6,2007,False,0.609090909090908,0.4380165289256205
350,Washington Wizards,108.7,109.1,2007,False,0.6181818181818179,0.14876033057851323
351,Atlanta Hawks,105.5,107.3,2008,False,0.48031496062992124,0.29230769230769205
352,Boston Celtics,108.8,98.1,2008,True,0.7401574803149606,1.0
353,Charlotte Bobcats,103.7,108.2,2008,False,0.3385826771653544,0.2230769230769224
354,Chicago Bulls,102.9,106.0,2008,False,0.2755905511811026,0.3923076923076919
355,Cleveland Cavaliers,104.8,105.4,2008,False,0.4251968503937005,0.43846153846153757
356,Dallas Mavericks,109.5,104.7,2008,False,0.7952755905511814,0.49230769230769167
357,Denver Nuggets,108.9,105.5,2008,False,0.7480314960629928,0.43076923076923035
358,Detroit Pistons,109.8,101.5,2008,False,0.8188976377952757,0.7384615384615381
359,Golden State Warriors,110.4,108.5,2008,False,0.8661417322834654,0.1999999999999995
360,Houston Rockets,105.4,100.5,2008,False,0.4724409448818902,0.8153846153846149
361,Indiana Pacers,105.1,106.3,2008,False,0.44881889763779476,0.36923076923076903
362,Los Angeles Clippers,99.9,107.4,2008,False,0.039370078740157514,0.2846153846153837
363,Los Angeles Lakers,111.7,104.3,2008,False,0.9685039370078746,0.5230769230769229
364,Memphis Grizzlies,103.9,110.2,2008,False,0.35433070866141764,0.06923076923076854
365,Miami Heat,99.4,108.8,2008,False,0.0,0.17692307692307674
366,Milwaukee Bucks,103.9,111.1,2008,False,0.35433070866141764,0.0
367,Minnesota Timberwolves,102.7,110.0,2008,False,0.25984251968503935,0.0846153846153842
368,New Jersey Nets,102.3,107.7,2008,False,0.22834645669291292,0.26153846153846083
369,New Orleans Hornets,110.0,104.4,2008,False,0.8346456692913389,0.5153846153846144
370,New York Knicks,103.5,110.4,2008,False,0.32283464566929115,0.05384615384615299
371,Orlando Magic,110.4,104.9,2008,False,0.8661417322834654,0.476923076923076
372,Philadelphia 76ers,105.1,104.7,2008,False,0.44881889763779476,0.49230769230769167
373,Phoenix Suns,112.0,107.0,2008,False,0.992125984251969,0.31538461538461493
374,Portland Trail Blazers,105.9,106.8,2008,False,0.5118110236220477,0.3307692307692306
375,Sacramento Kings,106.2,108.6,2008,False,0.535433070866142,0.1923076923076923
376,San Antonio Spurs,106.0,100.7,2008,False,0.5196850393700787,0.7999999999999994
377,Seattle SuperSonics,99.6,108.3,2008,False,0.01574803149606211,0.21538461538461517
378,Toronto Raptors,108.9,105.6,2008,False,0.7480314960629928,0.42307692307692313
379,Utah Jazz,112.1,104.9,2008,False,1.0,0.476923076923076
380,Washington Wizards,107.6,107.9,2008,False,0.6456692913385823,0.24615384615384528
381,Atlanta Hawks,108.3,106.7,2009,False,0.6403508771929819,0.5537190082644626
382,Boston Celtics,109.5,101.6,2009,False,0.745614035087719,0.9752066115702482
383,Charlotte Bobcats,103.7,105.0,2009,False,0.23684210526315802,0.6942148760330578
384,Chicago Bulls,107.2,107.5,2009,False,0.543859649122807,0.4876033057851241
385,Cleveland Cavaliers,111.2,101.6,2009,False,0.8947368421052629,0.9752066115702482
386,Dallas Mavericks,109.0,107.0,2009,False,0.7017543859649119,0.5289256198347108
387,Denver Nuggets,109.0,105.6,2009,False,0.7017543859649119,0.6446280991735542
388,Detroit Pistons,105.8,106.4,2009,False,0.4210526315789469,0.5785123966942145
389,Golden State Warriors,108.0,111.7,2009,False,0.6140350877192979,0.14049586776859513
390,Houston Rockets,107.1,102.9,2009,False,0.5350877192982448,0.8677685950413216
391,Indiana Pacers,107.2,108.2,2009,False,0.543859649122807,0.4297520661157024
392,Los Angeles Clippers,101.0,110.1,2009,False,0.0,0.2727272727272735
393,Los Angeles Lakers,111.4,103.5,2009,True,0.912280701754386,0.8181818181818181
394,Memphis Grizzlies,102.3,108.2,2009,False,0.11403508771929793,0.4297520661157024
395,Miami Heat,106.8,106.5,2009,False,0.5087719298245609,0.5702479338842976
396,Milwaukee Bucks,105.2,106.3,2009,False,0.36842105263157904,0.5867768595041325
397,Minnesota Timberwolves,104.9,109.9,2009,False,0.3421052631578951,0.28925619834710725
398,New Jersey Nets,106.8,109.5,2009,False,0.5087719298245609,0.3223140495867771
399,New Orleans Hornets,107.6,105.8,2009,False,0.5789473684210519,0.6280991735537192
400,New York Knicks,107.0,109.4,2009,False,0.526315789473684,0.330578512396694
401,Oklahoma City Thunder,101.4,107.6,2009,False,0.0350877192982461,0.47933884297520724
402,Orlando Magic,108.3,101.3,2009,False,0.6403508771929819,1.0
403,Philadelphia 76ers,106.3,106.1,2009,False,0.4649122807017539,0.6033057851239674
404,Phoenix Suns,112.4,110.4,2009,False,1.0,0.2479338842975205
405,Portland Trail Blazers,112.1,106.1,2009,False,0.9736842105263148,0.6033057851239674
406,Sacramento Kings,104.4,113.4,2009,False,0.2982456140350881,0.0
407,San Antonio Spurs,107.6,103.4,2009,False,0.5789473684210519,0.826446280991735
408,Toronto Raptors,105.5,108.6,2009,False,0.39473684210526294,0.39669421487603373
409,Utah Jazz,108.5,105.8,2009,False,0.657894736842105,0.6280991735537192
410,Washington Wizards,104.0,112.1,2009,False,0.263157894736842,0.10743801652892648
411,Atlanta Hawks,111.0,106.0,2010,False,0.8013698630136984,0.6019417475728159
412,Boston Celtics,106.9,103.2,2010,False,0.5205479452054798,0.8737864077669906
413,Charlotte Bobcats,103.9,102.0,2010,False,0.31506849315068536,0.9902912621359229
414,Chicago Bulls,102.6,104.2,2010,False,0.22602739726027365,0.7766990291262138
415,Cleveland Cavaliers,110.6,103.8,2010,False,0.7739726027397253,0.815533980582525
416,Dallas Mavericks,107.8,105.0,2010,False,0.5821917808219175,0.6990291262135927
417,Denver Nuggets,110.8,106.5,2010,False,0.7876712328767119,0.5533980582524276
418,Detroit Pistons,104.5,110.3,2010,False,0.3561643835616438,0.1844660194174763
419,Golden State Warriors,107.0,110.3,2010,False,0.5273972602739725,0.1844660194174763
420,Houston Rockets,106.8,106.8,2010,False,0.513698630136986,0.5242718446601948
421,Indiana Pacers,103.0,106.0,2010,False,0.25342465753424664,0.6019417475728159
422,Los Angeles Clippers,102.3,109.1,2010,False,0.2054794520547944,0.30097087378640863
423,Los Angeles Lakers,107.6,102.7,2010,True,0.568493150684931,0.9223300970873789
424,Memphis Grizzlies,107.5,109.0,2010,False,0.5616438356164383,0.31067961165048585
425,Miami Heat,105.7,103.4,2010,False,0.4383561643835618,0.8543689320388349
426,Milwaukee Bucks,104.0,101.9,2010,False,0.3219178082191781,1.0
427,Minnesota Timberwolves,100.6,110.4,2010,False,0.08904109589041072,0.17475728155339787
428,New Jersey Nets,99.3,108.9,2010,False,0.0,0.32038834951456296
429,New Orleans Hornets,106.5,108.9,2010,False,0.49315068493150677,0.32038834951456296
430,New York Knicks,106.4,110.3,2010,False,0.486301369863014,0.1844660194174763
431,Oklahoma City Thunder,107.0,103.5,2010,False,0.5273972602739725,0.8446601941747578
432,Orlando Magic,110.7,102.8,2010,False,0.7808219178082191,0.9126213592233018
433,Philadelphia 76ers,104.8,108.9,2010,False,0.3767123287671231,0.32038834951456296
434,Phoenix Suns,113.9,109.1,2010,False,1.0,0.30097087378640863
435,Portland Trail Blazers,109.6,106.1,2010,False,0.7054794520547939,0.5922330097087389
436,Sacramento Kings,104.4,109.1,2010,False,0.3493150684931511,0.30097087378640863
437,San Antonio Spurs,109.3,103.9,2010,False,0.6849315068493147,0.8058252427184466
438,Toronto Raptors,110.2,112.2,2010,False,0.7465753424657534,0.0
439,Utah Jazz,109.7,104.0,2010,False,0.7123287671232876,0.7961165048543695
440,Washington Wizards,103.1,108.3,2010,False,0.2602739726027394,0.37864077669902974
441,Atlanta Hawks,105.1,105.8,2011,False,0.3944954128440362,0.4836065573770495
442,Boston Celtics,105.5,99.8,2011,False,0.43119266055045874,0.975409836065574
443,Charlotte Bobcats,102.8,107.0,2011,False,0.18348623853211,0.38524590163934436
444,Chicago Bulls,107.2,99.5,2011,False,0.5871559633027525,1.0
445,Cleveland Cavaliers,101.5,110.9,2011,False,0.06422018348623876,0.06557377049180302
446,Dallas Mavericks,108.4,104.1,2011,True,0.6972477064220187,0.6229508196721317
447,Denver Nuggets,111.7,106.8,2011,False,1.0,0.4016393442622954
448,Detroit Pistons,107.0,110.7,2011,False,0.5688073394495412,0.08196721311475408
449,Golden State Warriors,107.1,109.4,2011,False,0.5779816513761462,0.1885245901639342
450,Houston Rockets,110.2,107.9,2011,False,0.8623853211009175,0.31147540983606525
451,Indiana Pacers,104.1,105.0,2011,False,0.3027522935779812,0.5491803278688525
452,Los Angeles Clippers,104.8,108.0,2011,False,0.36697247706422,0.3032786885245903
453,Los Angeles Lakers,109.6,103.3,2011,False,0.8073394495412837,0.6885245901639347
454,Memphis Grizzlies,107.0,104.5,2011,False,0.5688073394495412,0.5901639344262296
455,Miami Heat,110.6,102.9,2011,False,0.8990825688073387,0.7213114754098356
456,Milwaukee Bucks,100.8,101.5,2011,False,0.0,0.8360655737704918
457,Minnesota Timberwolves,103.2,109.9,2011,False,0.2201834862385325,0.1475409836065571
458,New Jersey Nets,102.1,108.9,2011,False,0.11926605504587123,0.22950819672131118
459,New Orleans Hornets,105.4,104.4,2011,False,0.4220183486238538,0.5983606557377046
460,New York Knicks,109.9,109.0,2011,False,0.8348623853211012,0.2213114754098362
461,Oklahoma City Thunder,109.9,105.9,2011,False,0.8348623853211012,0.4754098360655734
462,Orlando Magic,107.4,101.8,2011,False,0.6055045871559638,0.8114754098360659
463,Philadelphia 76ers,105.3,103.8,2011,False,0.4128440366972475,0.6475409836065578
464,Phoenix Suns,108.6,109.4,2011,False,0.7155963302752287,0.1885245901639342
465,Portland Trail Blazers,107.3,105.7,2011,False,0.5963302752293574,0.49180327868852447
466,Sacramento Kings,102.9,108.4,2011,False,0.19266055045871627,0.27049180327868827
467,San Antonio Spurs,110.5,104.4,2011,False,0.8899082568807337,0.5983606557377046
468,Toronto Raptors,105.2,111.7,2011,False,0.4036697247706425,0.0
469,Utah Jazz,107.0,108.8,2011,False,0.5688073394495412,0.23770491803278726
470,Washington Wizards,101.3,109.1,2011,False,0.0458715596330275,0.21311475409836134
471,Atlanta Hawks,104.2,100.4,2012,False,0.6282051282051283,0.756302521008403
472,Boston Celtics,100.1,97.5,2012,False,0.3653846153846148,1.0
473,Charlotte Bobcats,94.4,109.4,2012,False,0.0,0.0
474,Chicago Bulls,106.3,97.5,2012,False,0.7628205128205126,1.0
475,Cleveland Cavaliers,100.0,107.6,2012,False,0.35897435897435875,0.15126050420168158
476,Dallas Mavericks,102.1,100.9,2012,False,0.49358974358974306,0.714285714285714
477,Denver Nuggets,108.3,105.1,2012,False,0.8910256410256409,0.3613445378151269
478,Detroit Pistons,100.0,105.0,2012,False,0.35897435897435875,0.3697478991596642
479,Golden State Warriors,103.9,107.3,2012,False,0.6089743589743591,0.1764705882352947
480,Houston Rockets,104.2,104.0,2012,False,0.6282051282051283,0.4537815126050423
481,Indiana Pacers,105.5,102.1,2012,False,0.7115384615384615,0.6134453781512612
482,Los Angeles Clippers,107.5,104.8,2012,False,0.8397435897435896,0.38655462184874
483,Los Angeles Lakers,104.5,103.2,2012,False,0.6474358974358974,0.5210084033613445
484,Memphis Grizzlies,102.8,100.6,2012,False,0.5384615384615381,0.7394957983193283
485,Miami Heat,105.6,99.2,2012,True,0.7179487179487175,0.857142857142857
486,Milwaukee Bucks,104.5,104.1,2012,False,0.6474358974358974,0.44537815126050495
487,Minnesota Timberwolves,103.1,105.3,2012,False,0.5576923076923072,0.344537815126051
488,New Jersey Nets,101.8,108.1,2012,False,0.474358974358974,0.10924369747899254
489,New Orleans Hornets,99.9,103.9,2012,False,0.3525641025641027,0.46218487394957963
490,New York Knicks,103.5,100.2,2012,False,0.5833333333333331,0.7731092436974789
491,Oklahoma City Thunder,108.4,102.1,2012,False,0.8974358974358978,0.6134453781512612
492,Orlando Magic,104.0,103.4,2012,False,0.6153846153846152,0.5042016806722687
493,Philadelphia 76ers,102.7,98.2,2012,False,0.532051282051282,0.9411764705882351
494,Phoenix Suns,105.2,105.2,2012,False,0.6923076923076924,0.3529411764705883
495,Portland Trail Blazers,104.4,105.3,2012,False,0.6410256410256413,0.344537815126051
496,Sacramento Kings,102.9,108.7,2012,False,0.544871794871795,0.05882352941176494
497,San Antonio Spurs,110.0,102.3,2012,False,1.0,0.5966386554621853
498,Toronto Raptors,99.6,103.6,2012,False,0.3333333333333327,0.487394957983194
499,Utah Jazz,105.5,104.9,2012,False,0.7115384615384615,0.37815126050420145
500,Washington Wizards,100.0,104.9,2012,False,0.35897435897435875,0.37815126050420145
501,Atlanta Hawks,103.7,103.4,2013,False,0.36363636363636387,0.6106194690265481
502,Boston Celtics,102.2,102.6,2013,False,0.23966942148760362,0.6814159292035402
503,Brooklyn Nets,106.9,104.8,2013,False,0.6280991735537192,0.48672566371681425
504,Charlotte Bobcats,100.4,110.3,2013,False,0.09090909090909155,0.0
505,Chicago Bulls,102.4,101.9,2013,False,0.25619834710743855,0.7433628318584065
506,Cleveland Cavaliers,103.2,108.2,2013,False,0.3223140495867771,0.18584070796460128
507,Dallas Mavericks,104.7,105.4,2013,False,0.44628099173553737,0.43362831858407014
508,Denver Nuggets,109.3,104.2,2013,False,0.826446280991735,0.5398230088495571
509,Detroit Pistons,102.7,107.2,2013,False,0.28099173553719037,0.27433628318584025
510,Golden State Warriors,105.1,104.2,2013,False,0.479338842975206,0.5398230088495571
511,Houston Rockets,108.8,105.3,2013,False,0.7851239669421483,0.4424778761061948
512,Indiana Pacers,103.4,99.0,2013,False,0.33884297520661205,1.0
513,Los Angeles Clippers,109.8,102.8,2013,False,0.8677685950413218,0.6637168141592922
514,Los Angeles Lakers,107.0,105.9,2013,False,0.6363636363636361,0.3893805309734507
515,Memphis Grizzlies,103.6,99.1,2013,False,0.3553719008264458,0.9911504424778766
516,Miami Heat,111.4,103.2,2013,True,1.0,0.6283185840707961
517,Milwaukee Bucks,102.5,104.2,2013,False,0.26446280991735543,0.5398230088495571
518,Minnesota Timberwolves,101.8,104.0,2013,False,0.20661157024793375,0.5575221238938052
519,New Orleans Hornets,104.5,108.9,2013,False,0.42975206611570244,0.12389380530973382
520,New York Knicks,109.8,105.4,2013,False,0.8677685950413218,0.43362831858407014
521,Oklahoma City Thunder,111.0,101.2,2013,False,0.9669421487603301,0.805309734513274
522,Orlando Magic,100.9,108.4,2013,False,0.1322314049586783,0.16814159292035324
523,Philadelphia 76ers,101.0,104.7,2013,False,0.14049586776859518,0.4955752212389377
524,Phoenix Suns,100.2,106.9,2013,False,0.07438016528925662,0.30088495575221175
525,Portland Trail Blazers,104.5,107.9,2013,False,0.42975206611570244,0.21238938053097278
526,Sacramento Kings,105.3,110.0,2013,False,0.49586776859504095,0.02654867256637139
527,San Antonio Spurs,107.0,100.3,2013,False,0.6363636363636361,0.8849557522123896
528,Toronto Raptors,105.0,106.4,2013,False,0.4710743801652892,0.3451327433628312
529,Utah Jazz,105.4,105.6,2013,False,0.504132231404959,0.4159292035398233
530,Washington Wizards,99.3,101.6,2013,False,0.0,0.7699115044247792
531,Atlanta Hawks,104.9,105.7,2014,False,0.47967479674796804,0.3982300884955753
532,Boston Celtics,101.9,106.5,2014,False,0.23577235772357774,0.32743362831858436
533,Brooklyn Nets,105.4,106.7,2014,False,0.5203252032520331,0.3097345132743363
534,Charlotte Bobcats,103.0,103.3,2014,False,0.3252032520325204,0.6106194690265494
535,Chicago Bulls,101.7,99.9,2014,False,0.2195121951219515,0.911504424778761
536,Cleveland Cavaliers,103.5,107.0,2014,False,0.36585365853658547,0.28318584070796493
537,Dallas Mavericks,109.5,107.2,2014,False,0.8536585365853661,0.2654867256637169
538,Denver Nuggets,105.1,107.3,2014,False,0.49593495934959314,0.25663716814159354
539,Detroit Pistons,105.2,109.0,2014,False,0.5040650406504068,0.106194690265487
540,Golden State Warriors,106.3,101.4,2014,False,0.5934959349593495,0.7787610619469025
541,Houston Rockets,109.8,105.2,2014,False,0.8780487804878049,0.4424778761061948
542,Indiana Pacers,103.6,98.9,2014,False,0.373983739837398,1.0
543,Los Angeles Clippers,111.3,104.0,2014,False,1.0,0.5486725663716818
544,Los Angeles Lakers,103.2,109.3,2014,False,0.34146341463414664,0.07964601769911561
545,Memphis Grizzlies,105.5,103.8,2014,False,0.5284552845528456,0.5663716814159299
546,Miami Heat,110.0,105.0,2014,False,0.8943089430894311,0.46017699115044286
547,Milwaukee Bucks,101.9,110.2,2014,False,0.23577235772357774,0.0
548,Minnesota Timberwolves,107.7,105.2,2014,False,0.7073170731707321,0.4424778761061948
549,New Orleans Pelicans,106.2,109.1,2014,False,0.585365853658537,0.09734513274336365
550,New York Knicks,107.0,108.1,2014,False,0.6504065040650407,0.1858407079646026
551,Oklahoma City Thunder,109.4,103.0,2014,False,0.8455284552845534,0.6371681415929208
552,Orlando Magic,101.0,106.6,2014,False,0.1626016260162602,0.318584070796461
553,Philadelphia 76ers,99.0,109.0,2014,False,0.0,0.106194690265487
554,Phoenix Suns,108.2,105.6,2014,False,0.7479674796747972,0.40707964601769997
555,Portland Trail Blazers,110.4,106.2,2014,False,0.9268292682926836,0.35398230088495586
556,Sacramento Kings,105.1,107.8,2014,False,0.49593495934959314,0.212389380530974
557,San Antonio Spurs,109.5,101.4,2014,True,0.8536585365853661,0.7787610619469025
558,Toronto Raptors,107.9,104.6,2014,False,0.7235772357723583,0.49557522123893893
559,Utah Jazz,102.4,110.1,2014,False,0.2764227642276428,0.008849557522124685
560,Washington Wizards,104.9,103.6,2014,False,0.47967479674796804,0.5840707964601779
561,Atlanta Hawks,108.2,102.3,2015,False,0.7964071856287429,0.8190476190476199
562,Boston Celtics,103.8,103.5,2015,False,0.5329341317365268,0.7047619047619054
563,Brooklyn Nets,103.4,106.3,2015,False,0.5089820359281441,0.43809523809523887
564,Charlotte Hornets,99.6,103.0,2015,False,0.2814371257485025,0.7523809523809529
565,Chicago Bulls,106.3,103.3,2015,False,0.6826347305389221,0.7238095238095246
566,Cleveland Cavaliers,110.1,105.3,2015,False,0.9101796407185628,0.5333333333333341
567,Dallas Mavericks,108.2,104.9,2015,False,0.7964071856287429,0.5714285714285714
568,Denver Nuggets,103.9,107.1,2015,False,0.5389221556886231,0.36190476190476295
569,Detroit Pistons,104.3,105.4,2015,False,0.5628742514970059,0.5238095238095238
570,Golden State Warriors,110.4,100.4,2015,True,0.928143712574851,1.0
571,Houston Rockets,106.0,102.6,2015,False,0.6646706586826349,0.7904761904761916
572,Indiana Pacers,102.9,102.7,2015,False,0.479041916167665,0.7809523809523813
573,Los Angeles Clippers,111.6,104.7,2015,False,1.0,0.5904761904761908
574,Los Angeles Lakers,102.3,109.4,2015,False,0.4431137724550896,0.1428571428571429
575,Memphis Grizzlies,104.8,101.2,2015,False,0.5928143712574849,0.9238095238095241
576,Miami Heat,103.2,106.1,2015,False,0.49700598802395224,0.4571428571428582
577,Milwaukee Bucks,102.0,101.4,2015,False,0.42514970059880236,0.9047619047619048
578,Minnesota Timberwolves,101.8,110.9,2015,False,0.41317365269461054,0.0
579,New Orleans Pelicans,107.1,106.3,2015,False,0.7305389221556884,0.43809523809523887
580,New York Knicks,98.9,109.0,2015,False,0.2395209580838325,0.18095238095238153
581,Oklahoma City Thunder,106.7,104.6,2015,False,0.7065868263473057,0.6000000000000011
582,Orlando Magic,101.0,106.8,2015,False,0.3652694610778442,0.3904761904761913
583,Philadelphia 76ers,94.9,103.9,2015,False,0.0,0.6666666666666667
584,Phoenix Suns,104.2,105.3,2015,False,0.5568862275449104,0.5333333333333341
585,Portland Trail Blazers,107.1,102.8,2015,False,0.7305389221556884,0.7714285714285722
586,Sacramento Kings,104.5,108.2,2015,False,0.5748502994011977,0.25714285714285745
587,San Antonio Spurs,107.6,101.4,2015,False,0.7604790419161676,0.9047619047619048
588,Toronto Raptors,110.2,107.1,2015,False,0.9161676646706591,0.36190476190476295
589,Utah Jazz,104.2,104.1,2015,False,0.5568862275449104,0.6476190476190486
590,Washington Wizards,103.0,102.4,2015,False,0.48502994011976047,0.8095238095238095
591,Atlanta Hawks,104.6,100.8,2016,False,0.4105960264900656,0.7851239669421491
592,Boston Celtics,105.8,102.5,2016,False,0.49006622516556253,0.6446280991735538
593,Brooklyn Nets,102.4,109.7,2016,False,0.2649006622516557,0.049586776859503634
594,Charlotte Hornets,106.4,103.7,2016,False,0.5298013245033114,0.5454545454545452
595,Chicago Bulls,104.1,105.5,2016,False,0.37748344370860865,0.39669421487603296
596,Cleveland Cavaliers,110.2,103.9,2016,True,0.7814569536423842,0.5289256198347103
597,Dallas Mavericks,105.5,105.9,2016,False,0.47019867549668853,0.3636363636363631
598,Denver Nuggets,104.9,108.2,2016,False,0.43046357615894054,0.1735537190082641
599,Detroit Pistons,105.3,104.9,2016,False,0.4569536423841056,0.4462809917355367
600,Golden State Warriors,113.5,102.8,2016,False,1.0,0.6198347107438019
601,Houston Rockets,107.3,107.3,2016,False,0.5894039735099335,0.24793388429752072
602,Indiana Pacers,103.8,102.2,2016,False,0.35761589403973465,0.6694214876033056
603,LA Clippers,107.2,102.7,2016,False,0.5827814569536424,0.6280991735537189
604,Los Angeles Lakers,100.7,110.3,2016,False,0.15231788079470185,0.0
605,Memphis Grizzlies,104.7,107.1,2016,False,0.4172185430463576,0.2644628099173557
606,Miami Heat,105.5,103.7,2016,False,0.47019867549668853,0.5454545454545452
607,Milwaukee Bucks,103.4,107.8,2016,False,0.3311258278145697,0.20661157024793397
608,Minnesota Timberwolves,105.4,109.0,2016,False,0.4635761589403975,0.10743801652892548
609,New Orleans Pelicans,104.8,108.4,2016,False,0.4238410596026486,0.15702479338842912
610,New York Knicks,103.9,106.7,2016,False,0.36423841059602663,0.29752066115702447
611,Oklahoma City Thunder,112.1,104.8,2016,False,0.9072847682119202,0.4545454545454548
612,Orlando Magic,104.4,106.0,2016,False,0.3973509933774836,0.3553719008264462
613,Philadelphia 76ers,98.4,108.6,2016,False,0.0,0.14049586776859535
614,Phoenix Suns,101.5,107.9,2016,False,0.2052980132450328,0.19834710743801587
615,Portland Trail Blazers,107.6,106.8,2016,False,0.6092715231788074,0.2892561983471076
616,Sacramento Kings,105.3,107.6,2016,False,0.4569536423841056,0.22314049586776896
617,San Antonio Spurs,109.3,98.2,2016,False,0.7218543046357613,1.0
618,Toronto Raptors,109.3,104.8,2016,False,0.7218543046357613,0.4545454545454548
619,Utah Jazz,105.0,103.2,2016,False,0.4370860927152316,0.586776859504132
620,Washington Wizards,104.5,105.1,2016,False,0.4039735099337746,0.42975206611570294
621,Atlanta Hawks,104.5,105.2,2017,False,0.14876033057851223,0.7472527472527475
622,Boston Celtics,110.6,108.0,2017,False,0.6528925619834707,0.4395604395604399
623,Brooklyn Nets,103.6,110.1,2017,False,0.07438016528925553,0.2087912087912095
624,Charlotte Hornets,108.4,108.4,2017,False,0.4710743801652897,0.3956043956043952
625,Chicago Bulls,106.5,106.2,2017,False,0.3140495867768594,0.6373626373626374
626,Cleveland Cavaliers,112.8,109.7,2017,False,0.8347107438016528,0.2527472527472526
627,Dallas Mavericks,104.7,107.7,2017,False,0.1652892561983472,0.4725274725274725
628,Denver Nuggets,112.2,111.7,2017,False,0.7851239669421491,0.03296703296703263
629,Detroit Pistons,105.3,106.7,2017,False,0.21487603305785086,0.5824175824175825
630,Golden State Warriors,114.8,103.4,2017,True,1.0,0.945054945054945
631,Houston Rockets,114.1,108.4,2017,False,0.9421487603305783,0.3956043956043952
632,Indiana Pacers,107.9,108.1,2017,False,0.42975206611570294,0.4285714285714295
633,LA Clippers,111.8,107.5,2017,False,0.7520661157024793,0.49450549450549486
634,Los Angeles Lakers,105.3,112.0,2017,False,0.21487603305785086,0.0
635,Memphis Grizzlies,107.0,106.5,2017,False,0.3553719008264462,0.6043956043956047
636,Miami Heat,107.4,106.4,2017,False,0.38842975206611613,0.6153846153846152
637,Milwaukee Bucks,108.5,108.7,2017,False,0.4793388429752066,0.36263736263736257
638,Minnesota Timberwolves,110.0,110.9,2017,False,0.603305785123967,0.12087912087912034
639,New Orleans Pelicans,104.7,106.8,2017,False,0.1652892561983472,0.5714285714285721
640,New York Knicks,107.1,110.7,2017,False,0.3636363636363631,0.14285714285714268
641,Oklahoma City Thunder,107.9,107.1,2017,False,0.42975206611570294,0.5384615384615394
642,Orlando Magic,103.7,110.3,2017,False,0.0826446280991736,0.18681318681318726
643,Philadelphia 76ers,102.7,108.2,2017,False,0.0,0.41758241758241754
644,Phoenix Suns,106.1,111.3,2017,False,0.28099173553718954,0.07692307692307732
645,Portland Trail Blazers,109.4,110.0,2017,False,0.5537190082644633,0.2197802197802199
646,Sacramento Kings,106.6,110.8,2017,False,0.3223140495867763,0.1318681318681323
647,San Antonio Spurs,110.3,102.9,2017,False,0.6280991735537188,1.0
648,Toronto Raptors,111.4,107.1,2017,False,0.7190082644628105,0.5384615384615394
649,Utah Jazz,109.0,104.7,2017,False,0.5206611570247934,0.8021978021978023
650,Washington Wizards,110.4,108.8,2017,False,0.6363636363636369,0.3516483516483522
651,Atlanta Hawks,104.4,110.1,2018,False,0.1415929203539831,0.18390804597701238
652,Boston Celtics,106.8,103.2,2018,False,0.35398230088495586,0.9770114942528733
653,Brooklyn Nets,106.1,109.7,2018,False,0.29203539823008834,0.2298850574712643
654,Charlotte Hornets,109.0,109.0,2018,False,0.5486725663716818,0.3103448275862071
655,Chicago Bulls,103.4,110.5,2018,False,0.05309734513274413,0.1379310344827589
656,Cleveland Cavaliers,112.0,111.1,2018,False,0.8141592920353987,0.06896551724138023
657,Dallas Mavericks,105.4,108.4,2018,False,0.23008849557522204,0.37931034482758574
658,Denver Nuggets,111.4,110.0,2018,False,0.7610619469026558,0.19540229885057503
659,Detroit Pistons,106.6,106.7,2018,False,0.3362831858407078,0.5747126436781607
660,Golden State Warriors,112.8,106.8,2018,True,0.8849557522123896,0.5632183908045982
661,Houston Rockets,114.1,105.7,2018,False,1.0,0.6896551724137929
662,Indiana Pacers,108.5,107.3,2018,False,0.5044247787610623,0.5057471264367821
663,LA Clippers,109.4,109.2,2018,False,0.5840707964601779,0.28735632183908033
664,Los Angeles Lakers,106.0,107.3,2018,False,0.28318584070796493,0.5057471264367821
665,Memphis Grizzlies,103.6,110.4,2018,False,0.07079646017699091,0.14942528735632143
666,Miami Heat,106.2,105.8,2018,False,0.30088495575221297,0.6781609195402303
667,Milwaukee Bucks,109.0,109.1,2018,False,0.5486725663716818,0.29885057471264453
668,Minnesota Timberwolves,112.5,110.2,2018,False,0.8584070796460181,0.17241379310344818
669,New Orleans Pelicans,108.5,107.4,2018,False,0.5044247787610623,0.4942528735632179
670,New York Knicks,106.3,109.7,2018,False,0.3097345132743364,0.2298850574712643
671,Oklahoma City Thunder,110.1,106.4,2018,False,0.6460176991150441,0.60919540229885
672,Orlando Magic,104.7,109.4,2018,False,0.16814159292035452,0.2643678160919536
673,Philadelphia 76ers,108.5,103.9,2018,False,0.5044247787610623,0.8965517241379304
674,Phoenix Suns,102.8,111.7,2018,False,0.0,0.0
675,Portland Trail Blazers,108.4,105.7,2018,False,0.49557522123893893,0.6896551724137929
676,Sacramento Kings,103.1,110.4,2018,False,0.026548672566371438,0.14942528735632143
677,San Antonio Spurs,107.1,104.1,2018,False,0.3805309734513273,0.8735632183908053
678,Toronto Raptors,113.0,105.3,2018,False,0.9026548672566377,0.7356321839080464
679,Utah Jazz,107.4,103.0,2018,False,0.40707964601769997,1.0
680,Washington Wizards,108.1,107.7,2018,False,0.4690265486725662,0.4597701149425286
681,Atlanta Hawks,107.5,113.1,2019,False,0.3181818181818182,0.3109243697478996
682,Boston Celtics,111.3,107.0,2019,False,0.6636363636363634,0.8235294117647063
683,Brooklyn Nets,108.9,109.0,2019,False,0.445454545454546,0.6554621848739498
684,Charlotte Hornets,110.7,112.0,2019,False,0.6090909090909093,0.40336134453781514
685,Chicago Bulls,104.5,112.8,2019,False,0.045454545454545456,0.33613445378151285
686,Cleveland Cavaliers,106.8,116.8,2019,False,0.2545454545454543,0.0
687,Dallas Mavericks,108.7,110.1,2019,False,0.4272727272727275,0.5630252100840343
688,Denver Nuggets,112.1,108.1,2019,False,0.7363636363636359,0.7310924369747906
689,Detroit Pistons,108.4,108.7,2019,False,0.4000000000000005,0.680672268907563
690,Golden State Warriors,115.0,108.6,2019,False,1.0,0.6890756302521015
691,Houston Rockets,114.9,110.1,2019,False,0.9909090909090914,0.5630252100840343
692,Indiana Pacers,109.4,106.0,2019,False,0.4909090909090914,0.9075630252100845
693,LA Clippers,111.4,110.4,2019,False,0.6727272727272733,0.5378151260504198
694,Los Angeles Lakers,107.4,108.9,2019,False,0.3090909090909096,0.6638655462184871
695,Memphis Grizzlies,105.6,108.0,2019,False,0.14545454545454495,0.739495798319328
696,Miami Heat,106.7,107.1,2019,False,0.2454545454545457,0.815126050420169
697,Milwaukee Bucks,113.5,104.9,2019,False,0.8636363636363636,1.0
698,Minnesota Timberwolves,110.6,112.2,2019,False,0.5999999999999995,0.38655462184873934
699,New Orleans Pelicans,110.7,112.0,2019,False,0.6090909090909093,0.40336134453781514
700,New York Knicks,104.0,112.9,2019,False,0.0,0.3277310924369743
701,Oklahoma City Thunder,109.8,106.5,2019,False,0.527272727272727,0.8655462184873953
702,Orlando Magic,108.2,107.6,2019,False,0.38181818181818206,0.7731092436974798
703,Philadelphia 76ers,111.6,109.0,2019,False,0.6909090909090904,0.6554621848739498
704,Phoenix Suns,105.3,114.2,2019,False,0.11818181818181793,0.21848739495798286
705,Portland Trail Blazers,113.7,109.5,2019,False,0.8818181818181821,0.6134453781512608
706,Sacramento Kings,109.6,110.8,2019,False,0.5090909090909086,0.5042016806722693
707,San Antonio Spurs,112.2,110.6,2019,False,0.7454545454545457,0.5210084033613451
708,Toronto Raptors,112.6,106.8,2019,True,0.7818181818181813,0.8403361344537821
709,Utah Jazz,110.3,105.3,2019,False,0.5727272727272724,0.9663865546218494
710,Washington Wizards,110.2,112.9,2019,False,0.5636363636363639,0.3277310924369743
711,Atlanta Hawks,107.0,114.4,2020,False,0.22608695652173863,0.03252032520325132
712,Boston Celtics,112.8,106.5,2020,False,0.7304347826086949,0.6747967479674797
713,Brooklyn Nets,108.7,109.2,2020,False,0.3739130434782606,0.45528455284552805
714,Charlotte Hornets,105.9,112.8,2020,False,0.13043478260869565,0.16260162601626016
715,Chicago Bulls,105.8,108.9,2020,False,0.12173913043478186,0.47967479674796687
716,Cleveland Cavaliers,106.9,114.8,2020,False,0.21739130434782608,0.0
717,Dallas Mavericks,115.9,111.2,2020,False,1.0,0.2926829268292679
718,Denver Nuggets,112.6,110.4,2020,False,0.7130434782608686,0.35772357723577175
719,Detroit Pistons,108.8,112.3,2020,False,0.38260869565217315,0.2032520325203252
720,Golden State Warriors,104.4,113.0,2020,False,0.0,0.14634146341463394
721,Houston Rockets,112.5,109.8,2020,False,0.704347826086956,0.4065040650406505
722,Indiana Pacers,109.5,107.5,2020,False,0.4434782608695647,0.5934959349593495
723,LA Clippers,113.3,106.9,2020,False,0.7739130434782602,0.642276422764227
724,Los Angeles Lakers,111.7,106.1,2020,True,0.634782608695652,0.7073170731707321
725,Memphis Grizzlies,108.7,109.7,2020,False,0.3739130434782606,0.414634146341463
726,Miami Heat,111.9,109.3,2020,False,0.6521739130434783,0.44715447154471555
727,Milwaukee Bucks,111.9,102.5,2020,False,0.6521739130434783,1.0
728,Minnesota Timberwolves,107.6,111.6,2020,False,0.2782608695652164,0.26016260162601657
729,New Orleans Pelicans,110.5,111.8,2020,False,0.5304347826086951,0.24390243902439035
730,New York Knicks,105.9,112.4,2020,False,0.13043478260869565,0.1951219512195116
731,Oklahoma City Thunder,110.1,108.1,2020,False,0.4956521739130425,0.544715447154472
732,Orlando Magic,107.9,109.2,2020,False,0.30434782608695654,0.45528455284552805
733,Philadelphia 76ers,110.7,108.4,2020,False,0.5478260869565215,0.520325203252032
734,Phoenix Suns,111.3,110.8,2020,False,0.5999999999999993,0.32520325203252043
735,Portland Trail Blazers,113.2,114.3,2020,False,0.7652173913043476,0.04065040650406504
736,Sacramento Kings,109.5,111.4,2020,False,0.4434782608695647,0.27642276422764167
737,San Antonio Spurs,111.7,112.6,2020,False,0.634782608695652,0.17886178861788649
738,Toronto Raptors,110.8,104.7,2020,False,0.556521739130434,0.8211382113821135
739,Utah Jazz,111.8,109.3,2020,False,0.6434782608695645,0.44715447154471555
740,Washington Wizards,110.2,114.7,2020,False,0.5043478260869563,0.008130081300812497
741,Atlanta Hawks,114.3,112.1,2021,False,0.7931034482758621,0.4536082474226809
742,Boston Celtics,113.1,111.8,2021,False,0.7103448275862067,0.48453608247422697
743,Brooklyn Nets,117.3,113.1,2021,False,1.0,0.3505154639175263
744,Charlotte Hornets,110.1,112.0,2021,False,0.5034482758620688,0.4639175257731958
745,Chicago Bulls,110.4,111.5,2021,False,0.5241379310344834,0.515463917525773
746,Cleveland Cavaliers,105.2,113.5,2021,False,0.16551724137931073,0.3092783505154638
747,Dallas Mavericks,114.6,112.3,2021,False,0.8137931034482757,0.4329896907216496
748,Denver Nuggets,116.3,111.5,2021,False,0.9310344827586207,0.515463917525773
749,Detroit Pistons,107.6,112.2,2021,False,0.3310344827586205,0.4432989690721645
750,Golden State Warriors,110.5,109.4,2021,False,0.5310344827586209,0.7319587628865971
751,Houston Rockets,107.0,114.4,2021,False,0.2896551724137933,0.21649484536082408
752,Indiana Pacers,111.9,111.9,2021,False,0.6275862068965523,0.47422680412371065
753,LA Clippers,116.7,110.6,2021,False,0.9586206896551728,0.6082474226804128
754,Los Angeles Lakers,109.8,106.8,2021,False,0.4827586206896552,1.0
755,Memphis Grizzlies,111.7,110.5,2021,False,0.6137931034482762,0.6185567010309276
756,Miami Heat,110.6,110.7,2021,False,0.5379310344827585,0.5979381443298964
757,Milwaukee Bucks,116.5,110.7,2021,True,0.9448275862068968,0.5979381443298964
758,Minnesota Timberwolves,109.3,114.5,2021,False,0.4482758620689655,0.2061855670103092
759,New Orleans Pelicans,113.0,113.3,2021,False,0.7034482758620692,0.329896907216495
760,New York Knicks,110.2,107.8,2021,False,0.5103448275862073,0.8969072164948454
761,Oklahoma City Thunder,102.8,113.4,2021,False,0.0,0.3195876288659787
762,Orlando Magic,104.6,113.9,2021,False,0.12413793103448256,0.26804123711340144
763,Philadelphia 76ers,112.5,107.0,2021,False,0.6689655172413795,0.9793814432989688
764,Phoenix Suns,116.3,110.4,2021,False,0.9310344827586207,0.6288659793814425
765,Portland Trail Blazers,117.1,115.3,2021,False,0.9862068965517239,0.1237113402061858
766,Sacramento Kings,112.7,116.5,2021,False,0.6827586206896555,0.0
767,San Antonio Spurs,110.5,112.0,2021,False,0.5310344827586209,0.4639175257731958
768,Toronto Raptors,111.6,112.0,2021,False,0.6068965517241377,0.4639175257731958
769,Utah Jazz,116.5,107.5,2021,False,0.9448275862068968,0.9278350515463915
770,Washington Wizards,110.7,112.3,2021,False,0.544827586206897,0.4329896907216496
771,Atlanta Hawks,115.4,113.7,2022,False,0.9354838709677422,0.26470588235294135
772,Boston Celtics,113.6,106.2,2022,False,0.7903225806451607,1.0
773,Brooklyn Nets,113.2,112.3,2022,False,0.7580645161290324,0.40196078431372617
774,Charlotte Hornets,113.6,113.1,2022,False,0.7903225806451607,0.32352941176470695
775,Chicago Bulls,112.7,113.2,2022,False,0.7177419354838711,0.31372549019607865
776,Cleveland Cavaliers,111.0,108.9,2022,False,0.5806451612903225,0.7352941176470587
777,Dallas Mavericks,112.5,109.1,2022,False,0.7016129032258064,0.7156862745098048
778,Denver Nuggets,113.8,111.5,2022,False,0.8064516129032254,0.4803921568627455
779,Detroit Pistons,105.6,113.3,2022,False,0.14516129032258035,0.3039215686274517
780,Golden State Warriors,112.1,106.6,2022,True,0.6693548387096769,0.960784313725491
781,Houston Rockets,108.1,116.4,2022,False,0.34677419354838673,0.0
782,Indiana Pacers,111.9,115.5,2022,False,0.6532258064516133,0.08823529411764763
783,LA Clippers,109.5,109.5,2022,False,0.45967741935483875,0.6764705882352945
784,Los Angeles Lakers,110.0,112.8,2022,False,0.5,0.352941176470589
785,Memphis Grizzlies,114.3,108.9,2022,False,0.8467741935483867,0.7352941176470587
786,Miami Heat,113.0,108.4,2022,False,0.7419354838709676,0.7843137254901958
787,Milwaukee Bucks,114.3,111.1,2022,False,0.8467741935483867,0.5196078431372559
788,Minnesota Timberwolves,113.8,111.0,2022,False,0.8064516129032254,0.5294117647058827
789,New Orleans Pelicans,111.2,112.0,2022,False,0.5967741935483872,0.4313725490196083
790,New York Knicks,109.7,110.2,2022,False,0.47580645161290347,0.607843137254902
791,Oklahoma City Thunder,103.8,111.7,2022,False,0.0,0.46078431372549034
792,Orlando Magic,103.9,112.1,2022,False,0.008064516129032941,0.42156862745098134
793,Philadelphia 76ers,113.0,110.2,2022,False,0.7419354838709676,0.607843137254902
794,Phoenix Suns,114.2,106.8,2022,False,0.8387096774193549,0.9411764705882358
795,Portland Trail Blazers,107.3,116.3,2022,False,0.2822580645161289,0.009803921568628304
796,Sacramento Kings,109.6,114.8,2022,False,0.4677419354838705,0.15686274509804
797,San Antonio Spurs,111.9,111.7,2022,False,0.6532258064516133,0.46078431372549034
798,Toronto Raptors,112.1,109.9,2022,False,0.6693548387096769,0.6372549019607842
799,Utah Jazz,116.2,110.0,2022,False,1.0,0.6274509803921573
800,Washington Wizards,110.2,113.6,2022,False,0.5161290322580647,0.27450980392156965
801,Atlanta Hawks,115.5,115.4,2023,False,0.6960784313725492,0.43298969072164883
802,Boston Celtics,117.3,110.6,2023,False,0.8725490196078433,0.9278350515463929
803,Brooklyn Nets,114.6,113.5,2023,False,0.6078431372549016,0.6288659793814435
804,Charlotte Hornets,108.4,114.7,2023,False,0.0,0.5051546391752575
805,Chicago Bulls,112.8,111.5,2023,False,0.4313725490196075,0.8350515463917529
806,Cleveland Cavaliers,115.5,109.9,2023,False,0.6960784313725492,1.0
807,Dallas Mavericks,115.9,116.1,2023,False,0.7352941176470597,0.3608247422680416
808,Denver Nuggets,116.8,113.5,2023,True,0.823529411764706,0.6288659793814435
809,Detroit Pistons,109.9,117.8,2023,False,0.14705882352941194,0.18556701030927825
810,Golden State Warriors,115.1,113.4,2023,False,0.6568627450980389,0.6391752577319583
811,Houston Rockets,110.5,118.6,2023,False,0.20588235294117616,0.10309278350515472
812,Indiana Pacers,113.8,117.1,2023,False,0.5294117647058821,0.2577319587628869
813,LA Clippers,114.0,113.6,2023,False,0.5490196078431373,0.6185567010309285
814,Los Angeles Lakers,113.9,113.2,2023,False,0.5392156862745104,0.6597938144329896
815,Memphis Grizzlies,114.7,110.7,2023,False,0.6176470588235298,0.9175257731958765
816,Miami Heat,112.3,112.8,2023,False,0.3823529411764702,0.701030927835052
817,Milwaukee Bucks,114.3,110.9,2023,False,0.5784313725490194,0.8969072164948453
818,Minnesota Timberwolves,113.3,113.1,2023,False,0.4803921568627448,0.6701030927835059
819,New Orleans Pelicans,113.8,112.0,2023,False,0.5294117647058821,0.7835051546391756
820,New York Knicks,117.0,114.2,2023,False,0.8431372549019611,0.5567010309278349
821,Oklahoma City Thunder,114.2,113.2,2023,False,0.5686274509803925,0.6597938144329896
822,Orlando Magic,111.3,113.7,2023,False,0.28431372549019557,0.6082474226804122
823,Philadelphia 76ers,117.0,112.7,2023,False,0.8431372549019611,0.7113402061855669
824,Phoenix Suns,114.5,112.3,2023,False,0.5980392156862746,0.7525773195876295
825,Portland Trail Blazers,114.0,118.0,2023,False,0.5490196078431373,0.16494845360824706
826,Sacramento Kings,118.6,116.0,2023,False,1.0,0.3711340206185566
827,San Antonio Spurs,109.7,119.6,2023,False,0.12745098039215672,0.0
828,Toronto Raptors,114.6,113.1,2023,False,0.6078431372549016,0.6701030927835059
829,Utah Jazz,115.3,116.0,2023,False,0.676470588235294,0.3711340206185566
830,Washington Wizards,113.7,114.9,2023,False,0.5196078431372552,0.4845360824742262
831,Atlanta Hawks,116.4,118.4,2024,False,0.6233766233766237,0.10714285714285621
832,Boston Celtics,122.2,110.6,2024,True,1.0,0.8035714285714294
833,Brooklyn Nets,112.4,115.4,2024,False,0.36363636363636404,0.37499999999999933
834,Charlotte Hornets,108.6,119.2,2024,False,0.11688311688311666,0.03571428571428503
835,Chicago Bulls,114.0,115.7,2024,False,0.4675324675324675,0.34821428571428525
836,Cleveland Cavaliers,114.7,112.1,2024,False,0.5129870129870132,0.6696428571428579
837,Dallas Mavericks,117.0,114.9,2024,False,0.6623376623376622,0.41964285714285654
838,Denver Nuggets,117.8,112.3,2024,False,0.714285714285714,0.6517857142857146
839,Detroit Pistons,109.0,118.0,2024,False,0.142857142857143,0.14285714285714246
840,Golden State Warriors,116.9,114.5,2024,False,0.6558441558441561,0.4553571428571428
841,Houston Rockets,113.7,112.8,2024,False,0.44805194805194826,0.6071428571428574
842,Indiana Pacers,120.5,117.6,2024,False,0.8896103896103895,0.17857142857142871
843,LA Clippers,117.9,114.6,2024,False,0.7207792207792211,0.44642857142857184
844,Los Angeles Lakers,115.4,114.8,2024,False,0.5584415584415587,0.4285714285714287
845,Memphis Grizzlies,106.8,113.7,2024,False,0.0,0.5267857142857141
846,Miami Heat,113.3,111.5,2024,False,0.42207792207792194,0.7232142857142859
847,Milwaukee Bucks,117.6,115.0,2024,False,0.7012987012987009,0.4107142857142856
848,Minnesota Timberwolves,114.6,108.4,2024,False,0.5064935064935061,1.0
849,New Orleans Pelicans,116.5,111.9,2024,False,0.6298701298701298,0.6874999999999997
850,New York Knicks,117.3,112.4,2024,False,0.6818181818181815,0.6428571428571426
851,Oklahoma City Thunder,118.3,111.0,2024,False,0.7467532467532465,0.7678571428571431
852,Orlando Magic,112.9,110.8,2024,False,0.3961038961038965,0.7857142857142863
853,Philadelphia 76ers,116.2,113.0,2024,False,0.6103896103896105,0.5892857142857144
854,Phoenix Suns,116.8,113.7,2024,False,0.6493506493506491,0.5267857142857141
855,Portland Trail Blazers,107.6,116.6,2024,False,0.05194805194805174,0.2678571428571431
856,Sacramento Kings,116.2,114.4,2024,False,0.6103896103896105,0.46428571428571375
857,San Antonio Spurs,109.3,115.6,2024,False,0.16233766233766228,0.35714285714285754
858,Toronto Raptors,111.8,118.1,2024,False,0.32467532467532456,0.13392857142857162
859,Utah Jazz,114.5,119.6,2024,False,0.5,0.0
860,Washington Wizards,110.2,118.9,2024,False,0.22077922077922107,0.062499999999999
861,Atlanta Hawks,111.5,113.4,2025,False,0.4508670520231213,0.37086092715231767
862,Boston Celtics,120.7,110.5,2025,False,0.9826589595375724,0.5629139072847684
863,Brooklyn Nets,112.7,116.1,2025,False,0.5202312138728324,0.19205298013245076
864,Charlotte Hornets,108.9,113.7,2025,False,0.30057803468208116,0.3509933774834436
865,Chicago Bulls,113.4,117.6,2025,False,0.5606936416184973,0.09271523178807983
866,Cleveland Cavaliers,120.5,110.4,2025,False,0.9710982658959537,0.5695364238410594
867,Dallas Mavericks,116.5,110.4,2025,False,0.7398843930635838,0.5695364238410594
868,Denver Nuggets,115.6,113.9,2025,False,0.6878612716763002,0.33774834437086065
869,Detroit Pistons,110.6,113.5,2025,False,0.39884393063583773,0.3642384105960266
870,Golden State Warriors,113.7,108.0,2025,False,0.5780346820809249,0.7284768211920533
871,Houston Rockets,112.7,105.3,2025,False,0.5202312138728324,0.907284768211921
872,Indiana Pacers,111.2,116.1,2025,False,0.4335260115606937,0.19205298013245076
873,LA Clippers,110.4,107.9,2025,False,0.3872832369942199,0.7350993377483444
874,Los Angeles Lakers,113.0,117.7,2025,False,0.53757225433526,0.08609271523178796
875,Memphis Grizzlies,116.3,108.9,2025,False,0.7283236994219651,0.6688741721854303
876,Miami Heat,113.1,110.9,2025,False,0.543352601156069,0.5364238410596025
877,Milwaukee Bucks,113.4,112.4,2025,False,0.5606936416184973,0.4370860927152316
878,Minnesota Timberwolves,112.0,108.6,2025,False,0.47976878612716756,0.6887417218543053
879,New Orleans Pelicans,105.0,118.0,2025,False,0.07514450867052008,0.06622516556291391
880,New York Knicks,121.0,114.1,2025,False,1.0,0.3245033112582787
881,Oklahoma City Thunder,114.7,103.9,2025,False,0.6358381502890175,1.0
882,Orlando Magic,110.8,105.4,2025,False,0.4104046242774564,0.9006622516556291
883,Philadelphia 76ers,106.7,113.2,2025,False,0.17341040462427748,0.3841059602649006
884,Phoenix Suns,113.0,113.3,2025,False,0.53757225433526,0.37748344370860965
885,Portland Trail Blazers,107.2,115.3,2025,False,0.20231213872832374,0.2450331125827817
886,Sacramento Kings,114.8,113.8,2025,False,0.6416184971098263,0.34437086092715263
887,San Antonio Spurs,111.3,111.9,2025,False,0.4393063583815026,0.4701986754966886
888,Toronto Raptors,112.0,115.0,2025,False,0.47976878612716756,0.26490066225165576
889,Utah Jazz,108.8,119.0,2025,False,0.2947976878612714,0.0
890,Washington Wizards,103.7,118.7,2025,False,0.0,0.01986754966887394
